{
  "train_loss": [
    0.1992192232961274,
    0.12577004588377144,
    0.10027898480561716,
    0.07858292365962186,
    0.06230281103014248,
    0.0484002875934739,
    0.036101868665464165,
    0.0264607503928553,
    0.02049718818357812,
    0.019232096423438875
  ],
  "val_loss": [
    0.12140024963593765,
    0.0789607535566401,
    0.09500556457454781,
    0.07571345248451283,
    0.06847677638234641,
    0.06357155938132886,
    0.06639242765458554,
    0.07620817874061107,
    0.06879082513991487,
    0.06839715476079514
  ],
  "val_acc": [
    96.08460846084608,
    97.35973597359737,
    96.68466846684667,
    97.2997299729973,
    97.6897689768977,
    98.24482448244825,
    97.97479747974798,
    97.8997899789979,
    98.16981698169816,
    98.12481248124813
  ],
  "val_auc": [
    0.9925059561411425,
    0.9956186716000361,
    0.9948211352765997,
    0.9971697500225613,
    0.996707833228048,
    0.9981827452395994,
    0.9978379658875554,
    0.9974828986553561,
    0.9978932406822488,
    0.9977400054146738
  ]
}